{
    "class_name": "ViewTrajectory",
    "interval": 29,
    "is_loop": false,
    "trajectory": [
        {
            "boundingbox_max": [
                40.629692077636719,
                106.28219604492188,
                8.6113748550415039
            ],
            "boundingbox_min": [
                -59.048419952392578,
                3.2917656898498535,
                -1.4559651613235474
            ],
            "field_of_view": 5.0,
            "front": [
                0.54274451373247412,
                -0.81098556815117917,
                0.21847379949048698
            ],
            "lookat": [
                -22.888826515214948,
                46.851428723901023,
                1.7614070302444553
            ],
            "up": [
                0.0010147474900732074,
                0.2607524603278441,
                0.96540516091458073
            ],
            "zoom": 0.17630340576171868
        }
    ],
    "version_major": 1,
    "version_minor": 0
}