{
    "class_name": "ViewTrajectory",
    "interval": 29,
    "is_loop": false,
    "trajectory": [
        {
            "boundingbox_max": [
                17.97076416015625,
                96.409576416015625,
                3.9783689975738525
            ],
            "boundingbox_min": [
                -75.593994140625,
                3.4733540481991239,
                -4.1383628845214844
            ],
            "field_of_view": 5.0,
            "front": [
                -0.35477747128284931,
                -0.69748735828939301,
                0.62261089847241768
            ],
            "lookat": [
                -1.2895029316508482,
                29.909646896667859,
                -6.8543691749111124
            ],
            "up": [
                0.35071298150661806,
                0.51802096321519564,
                0.78016324334868503
            ],
            "zoom": 0.14762573242187474
        }
    ],
    "version_major": 1,
    "version_minor": 0
}